Term,Source,Source_Subset,Domain,Concept_Term_Represents,Dimension_or_Cluster,WhichPole,Notes,Removed
aseptic,theasurus.com,,,sanitation,Dimension,clean,,
clean,theasurus.com,,,sanitation,Dimension,clean,,
cleaning,theasurus.com,,,sanitation,Dimension,clean,,
cleanly,theasurus.com,,,sanitation,Dimension,clean,,
cleanse,theasurus.com,,,sanitation,Dimension,clean,,
cleansed,theasurus.com,,,sanitation,Dimension,clean,,
cleansing,theasurus.com,,,sanitation,Dimension,clean,,
disinfect,theasurus.com,,,sanitation,Dimension,clean,,
disinfected,theasurus.com,,,sanitation,Dimension,clean,,
disinfecting,theasurus.com,,,sanitation,Dimension,clean,,
germ_free,theasurus.com,,,sanitation,Dimension,clean,primarily infectious,
germfree,theasurus.com,,,sanitation,Dimension,clean,primarily infectious,
hygiene,theasurus.com,,,sanitation,Dimension,clean,,
hygienic,theasurus.com,,,sanitation,Dimension,clean,,
pristine,theasurus.com,,,sanitation,Dimension,clean,,
pure,theasurus.com,,,sanitation,Dimension,clean,,
purer,theasurus.com,,,sanitation,Dimension,clean,,
purest,theasurus.com,,,sanitation,Dimension,clean,,
purified,theasurus.com,,,sanitation,Dimension,clean,,
purity,theasurus.com,,,sanitation,Dimension,clean,,
sanitary,theasurus.com,,,sanitation,Dimension,clean,,
sparkling_clean,theasurus.com,,,sanitation,Dimension,clean,,
speckless,theasurus.com,,,sanitation,Dimension,clean,,
spotless,theasurus.com,,,sanitation,Dimension,clean,,
sterile,theasurus.com,,,sanitation,Dimension,clean,,
sterilize,theasurus.com,,,sanitation,Dimension,clean,,
sterilized,theasurus.com,,,sanitation,Dimension,clean,,
sterilizing,theasurus.com,,,sanitation,Dimension,clean,,
tidier,theasurus.com,,,sanitation,Dimension,clean,,
tidiest,theasurus.com,,,sanitation,Dimension,clean,,
tidy,theasurus.com,,,sanitation,Dimension,clean,,
uncluttered,theasurus.com,,,sanitation,Dimension,clean,,
uncontaminated,theasurus.com,,,sanitation,Dimension,clean,,
unsoiled,theasurus.com,,,sanitation,Dimension,clean,,
unstained,theasurus.com,,,sanitation,Dimension,clean,,
untarnished,theasurus.com,,,sanitation,Dimension,clean,,
well_kept,theasurus.com,,,sanitation,Dimension,clean,,
afraid,,,,danger_safety,Dimensions,dangerous,,
alarm,,,,danger_safety,Dimensions,dangerous,,
alarmed,,,,danger_safety,Dimensions,dangerous,,
alarming,,,,danger_safety,Dimensions,dangerous,,
alarms,,,,danger_safety,Dimensions,dangerous,,
bloodcurdling,,,,danger_safety,Dimensions,dangerous,,
cowed,,,,danger_safety,Dimensions,dangerous,,
creepy,,,,danger_safety,Dimensions,dangerous,,
crisis,,,,danger_safety,Dimensions,dangerous,,
danger,,,,danger_safety,Dimensions,dangerous,,
dangerous,,,,danger_safety,Dimensions,dangerous,,
dangers,"w2v most similar, in 1980",,,danger_safety,Dimensions,dangerous,,
disturbing,,,,danger_safety,Dimensions,dangerous,,remove
doom,,,,danger_safety,Dimensions,dangerous,,
doomsday,,,,danger_safety,Dimensions,dangerous,,
eerie,,,,danger_safety,Dimensions,dangerous,,
fear,,,,danger_safety,Dimensions,dangerous,,
fearful,,,,danger_safety,Dimensions,dangerous,,
frightening,,,,danger_safety,Dimensions,dangerous,,
hazard,,,,danger_safety,Dimensions,dangerous,,
hazardous,,,,danger_safety,Dimensions,dangerous,,
horrific,,,,danger_safety,Dimensions,dangerous,,
horrified,,,,danger_safety,Dimensions,dangerous,,
horrify,,,,danger_safety,Dimensions,dangerous,,
horrifying,,,,danger_safety,Dimensions,dangerous,looking at w2v 1980 most similar,remove
in_a_panic,,,,danger_safety,Dimensions,dangerous,,
jumpy,,,,danger_safety,Dimensions,dangerous,,
menace,,,,danger_safety,Dimensions,dangerous,,
menaced,,,,danger_safety,Dimensions,dangerous,,
menacing,,,,danger_safety,Dimensions,dangerous,,
nightmare,,,,danger_safety,Dimensions,dangerous,,
nightmarish,,,,danger_safety,Dimensions,dangerous,,
panic,,,,danger_safety,Dimensions,dangerous,"remove? Maybe, symptom",remove
panicked,,,,danger_safety,Dimensions,dangerous,"remove? Maybe, symptom",remove
panicky,,,,danger_safety,Dimensions,dangerous,"remove? Maybe, symptom",remove
peril,,,,danger_safety,Dimensions,dangerous,,
perilous,,,,danger_safety,Dimensions,dangerous,,
petrified,,,,danger_safety,Dimensions,dangerous,,
precarious,,,,danger_safety,Dimensions,dangerous,,
risk,"w2v most similar, in 1980",,,danger_safety,Dimensions,dangerous,,
risky,,,,danger_safety,Dimensions,dangerous,,
scare,,,,danger_safety,Dimensions,dangerous,,
scared,,,,danger_safety,Dimensions,dangerous,,
scared_stiff,,,,danger_safety,Dimensions,dangerous,,
scares,,,,danger_safety,Dimensions,dangerous,,
scarier,,,,danger_safety,Dimensions,dangerous,,
scariest,,,,danger_safety,Dimensions,dangerous,,
scaring,,,,danger_safety,Dimensions,dangerous,,
scary,,,,danger_safety,Dimensions,dangerous,,
shaky,,,,danger_safety,Dimensions,dangerous,"remove? Maybe, symptom",remove
shocking,,,,danger_safety,Dimensions,dangerous,,remove
spine_chilling,,,,danger_safety,Dimensions,dangerous,,
spinechilling,,,,danger_safety,Dimensions,dangerous,,
spooked,,,,danger_safety,Dimensions,dangerous,remove?,
spookier,,,,danger_safety,Dimensions,dangerous,remove?,
spookiest,,,,danger_safety,Dimensions,dangerous,remove?,
spooking,,,,danger_safety,Dimensions,dangerous,remove?,
spooks,,,,danger_safety,Dimensions,dangerous,remove?,
spooky,,,,danger_safety,Dimensions,dangerous,remove?,
health_hazard,"w2v most similar, in 1980",,,danger_safety,Dimensions,dangerous,,
high_risk,"w2v most similar, in 1980",,,danger_safety,Dimensions,dangerous,,
harrowing,"w2v most similar, in 1980",,,danger_safety,Dimensions,dangerous,,
terrified,,,,danger_safety,Dimensions,dangerous,,
terrifying,,,,danger_safety,Dimensions,dangerous,,
terrorize,,,,danger_safety,Dimensions,dangerous,,
terrorized,,,,danger_safety,Dimensions,dangerous,,
threat,,,,danger_safety,Dimensions,dangerous,,
threaten,,,,danger_safety,Dimensions,dangerous,,
threatened,,,,danger_safety,Dimensions,dangerous,,
threatening,,,,danger_safety,Dimensions,dangerous,,
threatens,,,,danger_safety,Dimensions,dangerous,,
harmful,"w2v most similar, in 1980",,,danger_safety,Dimensions,dangerous,,
harmed,"w2v most stimilar, in 1981",,,danger_safety,Dimensions,dangerous,,
harming,"w2v most stimilar, in 1982",,,danger_safety,Dimensions,dangerous,,
harm,"w2v most stimilar, in 1982",,,danger_safety,Dimensions,dangerous,,
harms,"w2v most stimilar, in 1982",,,danger_safety,Dimensions,dangerous,,
treacherous,,,,danger_safety,Dimensions,dangerous,,
unsafe,,,,danger_safety,Dimensions,dangerous,,
violence,,,,danger_safety,Dimensions,dangerous,,
violent,,,,danger_safety,Dimensions,dangerous,,
violently,,,,danger_safety,Dimensions,dangerous,,
communicable,theasurus.com,,,sanitation,Dimension,dirty,primarily infectious,
contagion,theasurus.com,,,sanitation,Dimension,dirty,primarily infectious,
contagious,theasurus.com,,,sanitation,Dimension,dirty,primarily infectious,
contagiously,theasurus.com,,,sanitation,Dimension,dirty,primarily infectious,
contagiousness,theasurus.com,,,sanitation,Dimension,dirty,primarily infectious,
contaminate,theasurus.com,,,sanitation,Dimension,dirty,,
contaminated,theasurus.com,,,sanitation,Dimension,dirty,,
contaminating,theasurus.com,,,sanitation,Dimension,dirty,primarily infectious,
dirty,theasurus.com,,,sanitation,Dimension,dirty,,
endemic,theasurus.com,,,sanitation,Dimension,dirty,primarily infectious,
filth,theasurus.com,,,sanitation,Dimension,dirty,,
filthy,theasurus.com,,,sanitation,Dimension,dirty,,
foul,theasurus.com,,,sanitation,Dimension,dirty,,
fouling,theasurus.com,,,sanitation,Dimension,dirty,,
fouls,theasurus.com,,,sanitation,Dimension,dirty,,
grimier,theasurus.com,,,sanitation,Dimension,dirty,,
grimiest,theasurus.com,,,sanitation,Dimension,dirty,,
grimy,theasurus.com,,,sanitation,Dimension,dirty,,
infect,theasurus.com,,,sanitation,Dimension,dirty,primarily infectious,
infected,theasurus.com,,,sanitation,Dimension,dirty,primarily infectious,
infecting,theasurus.com,,,sanitation,Dimension,dirty,primarily infectious,
infectious,theasurus.com,,,sanitation,Dimension,dirty,primarily infectious,
infects,theasurus.com,,,sanitation,Dimension,dirty,primarily infectious,
inocuable,theasurus.com,,,sanitation,Dimension,dirty,primarily infectious,
pandemic,theasurus.com,,,sanitation,Dimension,dirty,primarily infectious,
pollute,theasurus.com,,,sanitation,Dimension,dirty,,
polluted,theasurus.com,,,sanitation,Dimension,dirty,,
pollutes,theasurus.com,,,sanitation,Dimension,dirty,,
polluting,theasurus.com,,,sanitation,Dimension,dirty,,
quarantine,theasurus.com,,,sanitation,Dimension,dirty,primarily infectious,
quarantined,theasurus.com,,,sanitation,Dimension,dirty,primarily infectious,
slimy,theasurus.com,,,sanitation,Dimension,dirty,,
soil,theasurus.com,,,sanitation,Dimension,dirty,,
soiled,theasurus.com,,,sanitation,Dimension,dirty,,
soiling,theasurus.com,,,sanitation,Dimension,dirty,,
soils,theasurus.com,,,sanitation,Dimension,dirty,,
spread,theasurus.com,,,sanitation,Dimension,dirty," primarily infectious (Also - I wonder if these really are two separate concepts, even for non-infectious diseases.)",
spreading,theasurus.com,,,sanitation,Dimension,dirty,primarily infectious,
spreads,theasurus.com,,,sanitation,Dimension,dirty,primarily infectious,
transmittable,theasurus.com,,,sanitation,Dimension,dirty,primarily infectious,
unhygienic,theasurus.com,,,sanitation,Dimension,dirty,,
unsanitary,theasurus.com,,,sanitation,Dimension,dirty,,
unsterile,theasurus.com,,,sanitation,Dimension,dirty,,
unwashed,theasurus.com,,,sanitation,Dimension,dirty,,
virulent,theasurus.com,,,sanitation,Dimension,dirty,primarily infectious,
abhorrent,,,,disgust_emotion,Dimension,disgusting,,
aesthetically_displeasing,,,,disgust_emotion,Dimension,disgusting,,
badly_disfigured,,,,disgust_emotion,Dimension,disgusting,,
beastlier,,,,disgust_emotion,Dimension,disgusting,,
beastliest,,,,disgust_emotion,Dimension,disgusting,,
beastly,,,,disgust_emotion,Dimension,disgusting,,
creepier,,,,disgust_emotion,Dimension,disgusting,,
creepiest,,,,disgust_emotion,Dimension,disgusting,,
creepy,,,,disgust_emotion,Dimension,disgusting,,
decay,,,,disgust_emotion,Dimension,disgusting,,
decayed,,,,disgust_emotion,Dimension,disgusting,,
decaying,,,,disgust_emotion,Dimension,disgusting,,
decays,,,,disgust_emotion,Dimension,disgusting,,
decompose,,,,disgust_emotion,Dimension,disgusting,,
decomposed,,,,disgust_emotion,Dimension,disgusting,,
decomposes,,,,disgust_emotion,Dimension,disgusting,,
decomposing,,,,disgust_emotion,Dimension,disgusting,,
deform,,,,disgust_emotion,Dimension,disgusting,,
deformed,,,,disgust_emotion,Dimension,disgusting,,
deforming,,,,disgust_emotion,Dimension,disgusting,,
deforms,,,,disgust_emotion,Dimension,disgusting,,
disfigure,,,,disgust_emotion,Dimension,disgusting,,
disfigured,,,,disgust_emotion,Dimension,disgusting,,
disfigurement,,,,disgust_emotion,Dimension,disgusting,,
disfigures,,,,disgust_emotion,Dimension,disgusting,,
disfiguring,,,,disgust_emotion,Dimension,disgusting,,
disgust,,,,disgust_emotion,Dimension,disgusting,,
disgusted,,,,disgust_emotion,Dimension,disgusting,,
disgusting,Jones et al,,,disgust_emotion,Dimension,disgusting,,
disgusts,,,,disgust_emotion,Dimension,disgusting,,
eyesore,,,,disgust_emotion,Dimension,disgusting,,
eyesores,,,,disgust_emotion,Dimension,disgusting,,
fetid,,,,disgust_emotion,Dimension,disgusting,,
foul,,,,disgust_emotion,Dimension,disgusting,,
fouler,,,,disgust_emotion,Dimension,disgusting,,
foulest,,,,disgust_emotion,Dimension,disgusting,,
gross,,,,disgust_emotion,Dimension,disgusting,,
grosser,,,,disgust_emotion,Dimension,disgusting,,
grossest,,,,disgust_emotion,Dimension,disgusting,,
grotesque,,,,disgust_emotion,Dimension,disgusting,,
hideous,,,,disgust_emotion,Dimension,disgusting,,
hideously,,,,disgust_emotion,Dimension,disgusting,,
hideousness,,,,disgust_emotion,Dimension,disgusting,,
icky,,,,disgust_emotion,Dimension,disgusting,,
loathsome,Jones et al,,,disgust_emotion,Dimension,disgusting,,
monstrous,,,,disgust_emotion,Dimension,disgusting,,
mutilate,,,,disgust_emotion,Dimension,disgusting,remove? Trying to get disgusting to be less just about the body,remove
mutilated,,,,disgust_emotion,Dimension,disgusting,remove? Trying to get disgusting to be less just about the body,remove
mutilates,,,,disgust_emotion,Dimension,disgusting,remove? Trying to get disgusting to be less just about the body,remove
mutilating,,,,disgust_emotion,Dimension,disgusting,remove? Trying to get disgusting to be less just about the body,remove
nasty,,,,disgust_emotion,Dimension,disgusting,,
nauseate,,,,disgust_emotion,Dimension,disgusting,remove? Symptom,remove
nauseated,,,,disgust_emotion,Dimension,disgusting,remove? Symptom,remove
nauseates,,,,disgust_emotion,Dimension,disgusting,remove? Symptom,remove
nauseating,,,,disgust_emotion,Dimension,disgusting,remove? Symptom,remove
odious,,,,disgust_emotion,Dimension,disgusting,,
off_putting,,,,disgust_emotion,Dimension,disgusting,,
offensive,Jones et al,,,disgust_emotion,Dimension,disgusting,,
offputting,,,,disgust_emotion,Dimension,disgusting,,
putrid,,,,disgust_emotion,Dimension,disgusting,,
rancid,,,,disgust_emotion,Dimension,disgusting,,
reek,,,,disgust_emotion,Dimension,disgusting,,
reeked,,,,disgust_emotion,Dimension,disgusting,,
reeking,,,,disgust_emotion,Dimension,disgusting,,
reeks,,,,disgust_emotion,Dimension,disgusting,,
repel,,,,disgust_emotion,Dimension,disgusting,,
repelled,,,,disgust_emotion,Dimension,disgusting,,
repellent,,,,disgust_emotion,Dimension,disgusting,,
repelling,Jones et al,,,disgust_emotion,Dimension,disgusting,,
repels,,,,disgust_emotion,Dimension,disgusting,,
repulsed,,,,disgust_emotion,Dimension,disgusting,,
repulses,,,,disgust_emotion,Dimension,disgusting,,
repulsing,,,,disgust_emotion,Dimension,disgusting,,
repulsive,,,,disgust_emotion,Dimension,disgusting,,
revolting,,,,disgust_emotion,Dimension,disgusting,,
rotten,,,,disgust_emotion,Dimension,disgusting,,
rottener,,,,disgust_emotion,Dimension,disgusting,,
rottenest,,,,disgust_emotion,Dimension,disgusting,,
sickening,,,,disgust_emotion,Dimension,disgusting,,
smellier,,,,disgust_emotion,Dimension,disgusting,,
smelliest,,,,disgust_emotion,Dimension,disgusting,,
smelly,,,,disgust_emotion,Dimension,disgusting,,
spoiled,,,,disgust_emotion,Dimension,disgusting,,
squalid,,,,disgust_emotion,Dimension,disgusting,,
stank,,,,disgust_emotion,Dimension,disgusting,,
stench,,,,disgust_emotion,Dimension,disgusting,,
stink,,,,disgust_emotion,Dimension,disgusting,,
stinkier,,,,disgust_emotion,Dimension,disgusting,,
stinkiest,,,,disgust_emotion,Dimension,disgusting,,
stinking,,,,disgust_emotion,Dimension,disgusting,,
stinks,,,,disgust_emotion,Dimension,disgusting,,
stunk,,,,disgust_emotion,Dimension,disgusting,,
uglier,,,,disgust_emotion,Dimension,disgusting,,
ugliest,,,,disgust_emotion,Dimension,disgusting,,
ugly,,,,disgust_emotion,Dimension,disgusting,,
unalluring,,,,disgust_emotion,Dimension,disgusting,,
unappealing,,,,disgust_emotion,Dimension,disgusting,,
unattractive,,,,disgust_emotion,Dimension,disgusting,,
unpleasant,,,,disgust_emotion,Dimension,disgusting,,
unsightly,,,,disgust_emotion,Dimension,disgusting,,
yucky,,,,disgust_emotion,Dimension,disgusting,,
allure,,,,disgust_emotion,Dimension,enticing,,
allured,,,,disgust_emotion,Dimension,enticing,,
allures,,,,disgust_emotion,Dimension,enticing,,
alluring,,,,disgust_emotion,Dimension,enticing,,
appeal,,,,disgust_emotion,Dimension,enticing,,
appealed,,,,disgust_emotion,Dimension,enticing,,
appealing,,,,disgust_emotion,Dimension,enticing,,
appeals,,,,disgust_emotion,Dimension,enticing,,
attract,,,,disgust_emotion,Dimension,enticing,,
attracted,,,,disgust_emotion,Dimension,enticing,,
attracting,,,,disgust_emotion,Dimension,enticing,,
attractive,,,,disgust_emotion,Dimension,enticing,,
attracts,,,,disgust_emotion,Dimension,enticing,,
beautiful,,,,disgust_emotion,Dimension,enticing,,
beauty,,,,disgust_emotion,Dimension,enticing,,
beguile,,,,disgust_emotion,Dimension,enticing,,
beguiled,,,,disgust_emotion,Dimension,enticing,,
beguiles,,,,disgust_emotion,Dimension,enticing,,
beguiling,,,,disgust_emotion,Dimension,enticing,,
bewitch,,,,disgust_emotion,Dimension,enticing,,
bewitched,,,,disgust_emotion,Dimension,enticing,,
bewitches,,,,disgust_emotion,Dimension,enticing,,
bewitching,,,,disgust_emotion,Dimension,enticing,,
captivate,,,,disgust_emotion,Dimension,enticing,,
captivated,,,,disgust_emotion,Dimension,enticing,,
captivates,,,,disgust_emotion,Dimension,enticing,,
captivating,,,,disgust_emotion,Dimension,enticing,,
charm,,,,disgust_emotion,Dimension,enticing,,
charmed,,,,disgust_emotion,Dimension,enticing,,
charming,,,,disgust_emotion,Dimension,enticing,,
charms,,,,disgust_emotion,Dimension,enticing,,
desirable,,,,disgust_emotion,Dimension,enticing,,
enchanting,,,,disgust_emotion,Dimension,enticing,,
engaging,,,,disgust_emotion,Dimension,enticing,,
engross,,,,disgust_emotion,Dimension,enticing,,
engrossed,,,,disgust_emotion,Dimension,enticing,,
engrosses,,,,disgust_emotion,Dimension,enticing,,
engrossing,,,,disgust_emotion,Dimension,enticing,,
enthrall,,,,disgust_emotion,Dimension,enticing,,
enthralled,,,,disgust_emotion,Dimension,enticing,,
enthralling,,,,disgust_emotion,Dimension,enticing,,
enthralls,,,,disgust_emotion,Dimension,enticing,,
entice,,,,disgust_emotion,Dimension,enticing,,
enticed,,,,disgust_emotion,Dimension,enticing,,
entices,,,,disgust_emotion,Dimension,enticing,,
enticing,,,,disgust_emotion,Dimension,enticing,,
fascinate,,,,disgust_emotion,Dimension,enticing,,
fascinated,,,,disgust_emotion,Dimension,enticing,,
fascinates,,,,disgust_emotion,Dimension,enticing,,
fascinating,,,,disgust_emotion,Dimension,enticing,,
luring,,,,disgust_emotion,Dimension,enticing,,
spellbind,,,,disgust_emotion,Dimension,enticing,,
spellbinding,,,,disgust_emotion,Dimension,enticing,,
spellbinds,,,,disgust_emotion,Dimension,enticing,,
spellbound,,,,disgust_emotion,Dimension,enticing,,
tempt,,,,disgust_emotion,Dimension,enticing,,
tempted,,,,disgust_emotion,Dimension,enticing,,
tempting,,,,disgust_emotion,Dimension,enticing,,
tempts,,,,disgust_emotion,Dimension,enticing,,
at_fault,,,,guilt,Dimension,guilty,,
blameworthy,reversedictionary.org,,,guilt,Dimension,guilty,,
culpable,reversedictionary.org,,,guilt,Dimension,guilty,,
culprit,reversedictionary.org,,,guilt,Dimension,guilty,,
culprits,reversedictionary.org,,,guilt,Dimension,guilty,,
fault,reversedictionary.org,,,guilt,Dimension,guilty,,
guilt,reversedictionary.org,,,guilt,Dimension,guilty,,
guilty,reversedictionary.org,,,guilt,Dimension,guilty,,
guitily,,,,guilt,Dimension,guilty,,
negligence,reversedictionary.org,,,guilt,Dimension,guilty,,
negligent,reversedictionary.org,,,guilt,Dimension,guilty,,
negligently,,,,guilt,Dimension,guilty,,
wrongdoing,reversedictionary.org,,,guilt,Dimension,guilty,,
canon,"Moral foundations theory (with a few words droppoed, like ""wretched"" and a few words added (.e,g, has offend and offending but didn't have offends and offended which we added)",,,morality_general,Dimension,moral,,
commendable,"Moral foundations theory (with a few words droppoed, like ""wretched"" and a few words added (.e,g, has offend and offending but didn't have offends and offended which we added)",,,morality_general,Dimension,moral,,
commendably,"Moral foundations theory (with a few words droppoed, like ""wretched"" and a few words added (.e,g, has offend and offending but didn't have offends and offended which we added)",,,morality_general,Dimension,moral,,
decency,"Moral foundations theory (with a few words droppoed, like ""wretched"" and a few words added (.e,g, has offend and offending but didn't have offends and offended which we added)",,,morality_general,Dimension,moral,,
evil,"Moral foundations theory (with a few words droppoed, like ""wretched"" and a few words added (.e,g, has offend and offending but didn't have offends and offended which we added)",,,morality_general,Dimension,immoral,,
evilest,"Moral foundations theory (with a few words droppoed, like ""wretched"" and a few words added (.e,g, has offend and offending but didn't have offends and offended which we added)",,,morality_general,Dimension,immoral,,
immoral,"Moral foundations theory (with a few words droppoed, like ""wretched"" and a few words added (.e,g, has offend and offending but didn't have offends and offended which we added)",,,morality_general,Dimension,immoral,,
immorality,"Moral foundations theory (with a few words droppoed, like ""wretched"" and a few words added (.e,g, has offend and offending but didn't have offends and offended which we added)",,,morality_general,Dimension,immoral,,
immorally,"Moral foundations theory (with a few words droppoed, like ""wretched"" and a few words added (.e,g, has offend and offending but didn't have offends and offended which we added)",,,morality_general,Dimension,immoral,,
indecency,"Moral foundations theory (with a few words droppoed, like ""wretched"" and a few words added (.e,g, has offend and offending but didn't have offends and offended which we added)",,,morality_general,Dimension,immoral,,
indecent,"Moral foundations theory (with a few words droppoed, like ""wretched"" and a few words added (.e,g, has offend and offending but didn't have offends and offended which we added)",,,morality_general,Dimension,immoral,,
indecently,"Moral foundations theory (with a few words droppoed, like ""wretched"" and a few words added (.e,g, has offend and offending but didn't have offends and offended which we added)",,,morality_general,Dimension,immoral,,
offend,"Moral foundations theory (with a few words droppoed, like ""wretched"" and a few words added (.e,g, has offend and offending but didn't have offends and offended which we added)",,,morality_general,Dimension,immoral,,
offending,"Moral foundations theory (with a few words droppoed, like ""wretched"" and a few words added (.e,g, has offend and offending but didn't have offends and offended which we added)",,,morality_general,Dimension,immoral,,
offends,"Moral foundations theory (with a few words droppoed, like ""wretched"" and a few words added (.e,g, has offend and offending but didn't have offends and offended which we added)",,,morality_general,Dimension,immoral,,
offensive,"Moral foundations theory (with a few words droppoed, like ""wretched"" and a few words added (.e,g, has offend and offending but didn't have offends and offended which we added)",,,morality_general,Dimension,immoral,,
transgress,"Moral foundations theory (with a few words droppoed, like ""wretched"" and a few words added (.e,g, has offend and offending but didn't have offends and offended which we added)",,,morality_general,Dimension,immoral,,
transgressed,"Moral foundations theory (with a few words droppoed, like ""wretched"" and a few words added (.e,g, has offend and offending but didn't have offends and offended which we added)",,,morality_general,Dimension,immoral,,
transgresses,"Moral foundations theory (with a few words droppoed, like ""wretched"" and a few words added (.e,g, has offend and offending but didn't have offends and offended which we added)",,,morality_general,Dimension,immoral,,
transgressing,"Moral foundations theory (with a few words droppoed, like ""wretched"" and a few words added (.e,g, has offend and offending but didn't have offends and offended which we added)",,,morality_general,Dimension,immoral,,
transgressive,"Moral foundations theory (with a few words droppoed, like ""wretched"" and a few words added (.e,g, has offend and offending but didn't have offends and offended which we added)",,,morality_general,Dimension,immoral,,
wicked,"Moral foundations theory (with a few words droppoed, like ""wretched"" and a few words added (.e,g, has offend and offending but didn't have offends and offended which we added)",,,morality_general,Dimension,immoral,,
wickedest,"Moral foundations theory (with a few words droppoed, like ""wretched"" and a few words added (.e,g, has offend and offending but didn't have offends and offended which we added)",,,morality_general,Dimension,immoral,,
wickedly,"Moral foundations theory (with a few words droppoed, like ""wretched"" and a few words added (.e,g, has offend and offending but didn't have offends and offended which we added)",,,morality_general,Dimension,immoral,,
wickedness,"Moral foundations theory (with a few words droppoed, like ""wretched"" and a few words added (.e,g, has offend and offending but didn't have offends and offended which we added)",,,morality_general,Dimension,immoral,,
wrong,"Moral foundations theory (with a few words droppoed, like ""wretched"" and a few words added (.e,g, has offend and offending but didn't have offends and offended which we added)",,,morality_general,Dimension,immoral,,
wronged,"Moral foundations theory (with a few words droppoed, like ""wretched"" and a few words added (.e,g, has offend and offending but didn't have offends and offended which we added)",,,morality_general,Dimension,immoral,,
wrongly,"Moral foundations theory (with a few words droppoed, like ""wretched"" and a few words added (.e,g, has offend and offending but didn't have offends and offended which we added)",,,morality_general,Dimension,immoral,,
wrongs,"Moral foundations theory (with a few words droppoed, like ""wretched"" and a few words added (.e,g, has offend and offending but didn't have offends and offended which we added)",,,morality_general,Dimension,immoral,,
blemish,"Moral foundations theory, Purity dimension (without words about literal cleanliness/dirtiness or sexuality (e.g., without celibacy, celibate, vigin, whore, slut, abstention, etc. and with a few other forms of words (e.g, gross is in there, but we added grosser, grossest))",,,purity,Dimension,impure,,
blemished,"Moral foundations theory, Purity dimension (without words about literal cleanliness/dirtiness or sexuality (e.g., without celibacy, celibate, vigin, whore, slut, abstention, etc. and with a few other forms of words (e.g, gross is in there, but we added grosser, grossest))",,,purity,Dimension,impure,,
blemishes,"Moral foundations theory, Purity dimension (without words about literal cleanliness/dirtiness or sexuality (e.g., without celibacy, celibate, vigin, whore, slut, abstention, etc. and with a few other forms of words (e.g, gross is in there, but we added grosser, grossest))",,,purity,Dimension,impure,,
debase,"Moral foundations theory, Purity dimension (without words about literal cleanliness/dirtiness or sexuality (e.g., without celibacy, celibate, vigin, whore, slut, abstention, etc. and with a few other forms of words (e.g, gross is in there, but we added grosser, grossest))",,,purity,Dimension,impure,,
debased,"Moral foundations theory, Purity dimension (without words about literal cleanliness/dirtiness or sexuality (e.g., without celibacy, celibate, vigin, whore, slut, abstention, etc. and with a few other forms of words (e.g, gross is in there, but we added grosser, grossest))",,,purity,Dimension,impure,,
debauched,"Moral foundations theory, Purity dimension (without words about literal cleanliness/dirtiness or sexuality (e.g., without celibacy, celibate, vigin, whore, slut, abstention, etc. and with a few other forms of words (e.g, gross is in there, but we added grosser, grossest))",,,purity,Dimension,impure,,
debauchery,"Moral foundations theory, Purity dimension (without words about literal cleanliness/dirtiness or sexuality (e.g., without celibacy, celibate, vigin, whore, slut, abstention, etc. and with a few other forms of words (e.g, gross is in there, but we added grosser, grossest))",,,purity,Dimension,impure,,
defile,"Moral foundations theory, Purity dimension (without words about literal cleanliness/dirtiness or sexuality (e.g., without celibacy, celibate, vigin, whore, slut, abstention, etc. and with a few other forms of words (e.g, gross is in there, but we added grosser, grossest))",,,purity,Dimension,impure,,
defiled,"Moral foundations theory, Purity dimension (without words about literal cleanliness/dirtiness or sexuality (e.g., without celibacy, celibate, vigin, whore, slut, abstention, etc. and with a few other forms of words (e.g, gross is in there, but we added grosser, grossest))",,,purity,Dimension,impure,,
defiles,"Moral foundations theory, Purity dimension (without words about literal cleanliness/dirtiness or sexuality (e.g., without celibacy, celibate, vigin, whore, slut, abstention, etc. and with a few other forms of words (e.g, gross is in there, but we added grosser, grossest))",,,purity,Dimension,impure,,
defiling,"Moral foundations theory, Purity dimension (without words about literal cleanliness/dirtiness or sexuality (e.g., without celibacy, celibate, vigin, whore, slut, abstention, etc. and with a few other forms of words (e.g, gross is in there, but we added grosser, grossest))",,,purity,Dimension,impure,,
depraved,"Moral foundations theory, Purity dimension (without words about literal cleanliness/dirtiness or sexuality (e.g., without celibacy, celibate, vigin, whore, slut, abstention, etc. and with a few other forms of words (e.g, gross is in there, but we added grosser, grossest))",,,purity,Dimension,impure,,
depravity,"Moral foundations theory, Purity dimension (without words about literal cleanliness/dirtiness or sexuality (e.g., without celibacy, celibate, vigin, whore, slut, abstention, etc. and with a few other forms of words (e.g, gross is in there, but we added grosser, grossest))",,,purity,Dimension,impure,,
desecrate,"Moral foundations theory, Purity dimension (without words about literal cleanliness/dirtiness or sexuality (e.g., without celibacy, celibate, vigin, whore, slut, abstention, etc. and with a few other forms of words (e.g, gross is in there, but we added grosser, grossest))",,,purity,Dimension,impure,,
desecrated,"Moral foundations theory, Purity dimension (without words about literal cleanliness/dirtiness or sexuality (e.g., without celibacy, celibate, vigin, whore, slut, abstention, etc. and with a few other forms of words (e.g, gross is in there, but we added grosser, grossest))",,,purity,Dimension,impure,,
desecrates,"Moral foundations theory, Purity dimension (without words about literal cleanliness/dirtiness or sexuality (e.g., without celibacy, celibate, vigin, whore, slut, abstention, etc. and with a few other forms of words (e.g, gross is in there, but we added grosser, grossest))",,,purity,Dimension,impure,,
desecratig,"Moral foundations theory, Purity dimension (without words about literal cleanliness/dirtiness or sexuality (e.g., without celibacy, celibate, vigin, whore, slut, abstention, etc. and with a few other forms of words (e.g, gross is in there, but we added grosser, grossest))",,,purity,Dimension,impure,,
disgust,"Moral foundations theory, Purity dimension (without words about literal cleanliness/dirtiness or sexuality (e.g., without celibacy, celibate, vigin, whore, slut, abstention, etc. and with a few other forms of words (e.g, gross is in there, but we added grosser, grossest))",,,purity,Dimension,impure,,
disgusted,"Moral foundations theory, Purity dimension (without words about literal cleanliness/dirtiness or sexuality (e.g., without celibacy, celibate, vigin, whore, slut, abstention, etc. and with a few other forms of words (e.g, gross is in there, but we added grosser, grossest))",,,purity,Dimension,impure,,
disgusting,"Moral foundations theory, Purity dimension (without words about literal cleanliness/dirtiness or sexuality (e.g., without celibacy, celibate, vigin, whore, slut, abstention, etc. and with a few other forms of words (e.g, gross is in there, but we added grosser, grossest))",,,purity,Dimension,impure,,
disgusts,"Moral foundations theory, Purity dimension (without words about literal cleanliness/dirtiness or sexuality (e.g., without celibacy, celibate, vigin, whore, slut, abstention, etc. and with a few other forms of words (e.g, gross is in there, but we added grosser, grossest))",,,purity,Dimension,impure,,
exploitation,"Moral foundations theory, Purity dimension (without words about literal cleanliness/dirtiness or sexuality (e.g., without celibacy, celibate, vigin, whore, slut, abstention, etc. and with a few other forms of words (e.g, gross is in there, but we added grosser, grossest))",,,purity,Dimension,impure,,
exploited,"Moral foundations theory, Purity dimension (without words about literal cleanliness/dirtiness or sexuality (e.g., without celibacy, celibate, vigin, whore, slut, abstention, etc. and with a few other forms of words (e.g, gross is in there, but we added grosser, grossest))",,,purity,Dimension,impure,,
exploiting,"Moral foundations theory, Purity dimension (without words about literal cleanliness/dirtiness or sexuality (e.g., without celibacy, celibate, vigin, whore, slut, abstention, etc. and with a few other forms of words (e.g, gross is in there, but we added grosser, grossest))",,,purity,Dimension,impure,,
exploits,"Moral foundations theory, Purity dimension (without words about literal cleanliness/dirtiness or sexuality (e.g., without celibacy, celibate, vigin, whore, slut, abstention, etc. and with a few other forms of words (e.g, gross is in there, but we added grosser, grossest))",,,purity,Dimension,impure,,
gross,"Moral foundations theory, Purity dimension (without words about literal cleanliness/dirtiness or sexuality (e.g., without celibacy, celibate, vigin, whore, slut, abstention, etc. and with a few other forms of words (e.g, gross is in there, but we added grosser, grossest))",,,purity,Dimension,impure,,
grosser,"Moral foundations theory, Purity dimension (without words about literal cleanliness/dirtiness or sexuality (e.g., without celibacy, celibate, vigin, whore, slut, abstention, etc. and with a few other forms of words (e.g, gross is in there, but we added grosser, grossest))",,,purity,Dimension,impure,,
grossest,"Moral foundations theory, Purity dimension (without words about literal cleanliness/dirtiness or sexuality (e.g., without celibacy, celibate, vigin, whore, slut, abstention, etc. and with a few other forms of words (e.g, gross is in there, but we added grosser, grossest))",,,purity,Dimension,impure,,
impiety,"Moral foundations theory, Purity dimension (without words about literal cleanliness/dirtiness or sexuality (e.g., without celibacy, celibate, vigin, whore, slut, abstention, etc. and with a few other forms of words (e.g, gross is in there, but we added grosser, grossest))",,,purity,Dimension,impure,,
impious,"Moral foundations theory, Purity dimension (without words about literal cleanliness/dirtiness or sexuality (e.g., without celibacy, celibate, vigin, whore, slut, abstention, etc. and with a few other forms of words (e.g, gross is in there, but we added grosser, grossest))",,,purity,Dimension,impure,,
impiously,"Moral foundations theory, Purity dimension (without words about literal cleanliness/dirtiness or sexuality (e.g., without celibacy, celibate, vigin, whore, slut, abstention, etc. and with a few other forms of words (e.g, gross is in there, but we added grosser, grossest))",,,purity,Dimension,impure,,
indecency,"Moral foundations theory, Purity dimension (without words about literal cleanliness/dirtiness or sexuality (e.g., without celibacy, celibate, vigin, whore, slut, abstention, etc. and with a few other forms of words (e.g, gross is in there, but we added grosser, grossest))",,,purity,Dimension,impure,,
indecent,"Moral foundations theory, Purity dimension (without words about literal cleanliness/dirtiness or sexuality (e.g., without celibacy, celibate, vigin, whore, slut, abstention, etc. and with a few other forms of words (e.g, gross is in there, but we added grosser, grossest))",,,purity,Dimension,impure,,
indecently,"Moral foundations theory, Purity dimension (without words about literal cleanliness/dirtiness or sexuality (e.g., without celibacy, celibate, vigin, whore, slut, abstention, etc. and with a few other forms of words (e.g, gross is in there, but we added grosser, grossest))",,,purity,Dimension,impure,,
intemperate,"Moral foundations theory, Purity dimension (without words about literal cleanliness/dirtiness or sexuality (e.g., without celibacy, celibate, vigin, whore, slut, abstention, etc. and with a few other forms of words (e.g, gross is in there, but we added grosser, grossest))",,,purity,Dimension,impure,,
intemperatly,"Moral foundations theory, Purity dimension (without words about literal cleanliness/dirtiness or sexuality (e.g., without celibacy, celibate, vigin, whore, slut, abstention, etc. and with a few other forms of words (e.g, gross is in there, but we added grosser, grossest))",,,purity,Dimension,impure,,
lax,"Moral foundations theory, Purity dimension (without words about literal cleanliness/dirtiness or sexuality (e.g., without celibacy, celibate, vigin, whore, slut, abstention, etc. and with a few other forms of words (e.g, gross is in there, but we added grosser, grossest))",,,purity,Dimension,impure,,
lewd,"Moral foundations theory, Purity dimension (without words about literal cleanliness/dirtiness or sexuality (e.g., without celibacy, celibate, vigin, whore, slut, abstention, etc. and with a few other forms of words (e.g, gross is in there, but we added grosser, grossest))",,,purity,Dimension,impure,,
lewder,"Moral foundations theory, Purity dimension (without words about literal cleanliness/dirtiness or sexuality (e.g., without celibacy, celibate, vigin, whore, slut, abstention, etc. and with a few other forms of words (e.g, gross is in there, but we added grosser, grossest))",,,purity,Dimension,impure,,
lewdest,"Moral foundations theory, Purity dimension (without words about literal cleanliness/dirtiness or sexuality (e.g., without celibacy, celibate, vigin, whore, slut, abstention, etc. and with a few other forms of words (e.g, gross is in there, but we added grosser, grossest))",,,purity,Dimension,impure,,
obscene,"Moral foundations theory, Purity dimension (without words about literal cleanliness/dirtiness or sexuality (e.g., without celibacy, celibate, vigin, whore, slut, abstention, etc. and with a few other forms of words (e.g, gross is in there, but we added grosser, grossest))",,,purity,Dimension,impure,,
obscenity,"Moral foundations theory, Purity dimension (without words about literal cleanliness/dirtiness or sexuality (e.g., without celibacy, celibate, vigin, whore, slut, abstention, etc. and with a few other forms of words (e.g, gross is in there, but we added grosser, grossest))",,,purity,Dimension,impure,,
profane,"Moral foundations theory, Purity dimension (without words about literal cleanliness/dirtiness or sexuality (e.g., without celibacy, celibate, vigin, whore, slut, abstention, etc. and with a few other forms of words (e.g, gross is in there, but we added grosser, grossest))",,,purity,Dimension,impure,,
profanity,"Moral foundations theory, Purity dimension (without words about literal cleanliness/dirtiness or sexuality (e.g., without celibacy, celibate, vigin, whore, slut, abstention, etc. and with a few other forms of words (e.g, gross is in there, but we added grosser, grossest))",,,purity,Dimension,impure,,
repulse,"Moral foundations theory, Purity dimension (without words about literal cleanliness/dirtiness or sexuality (e.g., without celibacy, celibate, vigin, whore, slut, abstention, etc. and with a few other forms of words (e.g, gross is in there, but we added grosser, grossest))",,,purity,Dimension,impure,,
repulsed,"Moral foundations theory, Purity dimension (without words about literal cleanliness/dirtiness or sexuality (e.g., without celibacy, celibate, vigin, whore, slut, abstention, etc. and with a few other forms of words (e.g, gross is in there, but we added grosser, grossest))",,,purity,Dimension,impure,,
repulses,"Moral foundations theory, Purity dimension (without words about literal cleanliness/dirtiness or sexuality (e.g., without celibacy, celibate, vigin, whore, slut, abstention, etc. and with a few other forms of words (e.g, gross is in there, but we added grosser, grossest))",,,purity,Dimension,impure,,
repulsing,"Moral foundations theory, Purity dimension (without words about literal cleanliness/dirtiness or sexuality (e.g., without celibacy, celibate, vigin, whore, slut, abstention, etc. and with a few other forms of words (e.g, gross is in there, but we added grosser, grossest))",,,purity,Dimension,impure,,
repulsion,"Moral foundations theory, Purity dimension (without words about literal cleanliness/dirtiness or sexuality (e.g., without celibacy, celibate, vigin, whore, slut, abstention, etc. and with a few other forms of words (e.g, gross is in there, but we added grosser, grossest))",,,purity,Dimension,impure,,
repulsive,"Moral foundations theory, Purity dimension (without words about literal cleanliness/dirtiness or sexuality (e.g., without celibacy, celibate, vigin, whore, slut, abstention, etc. and with a few other forms of words (e.g, gross is in there, but we added grosser, grossest))",,,purity,Dimension,impure,,
ruin,"Moral foundations theory, Purity dimension (without words about literal cleanliness/dirtiness or sexuality (e.g., without celibacy, celibate, vigin, whore, slut, abstention, etc. and with a few other forms of words (e.g, gross is in there, but we added grosser, grossest))",,,purity,Dimension,impure,,
ruined,"Moral foundations theory, Purity dimension (without words about literal cleanliness/dirtiness or sexuality (e.g., without celibacy, celibate, vigin, whore, slut, abstention, etc. and with a few other forms of words (e.g, gross is in there, but we added grosser, grossest))",,,purity,Dimension,impure,ruins is too polysemous and so not included in the word list,
ruining,"Moral foundations theory, Purity dimension (without words about literal cleanliness/dirtiness or sexuality (e.g., without celibacy, celibate, vigin, whore, slut, abstention, etc. and with a few other forms of words (e.g, gross is in there, but we added grosser, grossest))",,,purity,Dimension,impure,,
sin,"Moral foundations theory, Purity dimension (without words about literal cleanliness/dirtiness or sexuality (e.g., without celibacy, celibate, vigin, whore, slut, abstention, etc. and with a few other forms of words (e.g, gross is in there, but we added grosser, grossest))",,,purity,Dimension,impure,,
sinful,"Moral foundations theory, Purity dimension (without words about literal cleanliness/dirtiness or sexuality (e.g., without celibacy, celibate, vigin, whore, slut, abstention, etc. and with a few other forms of words (e.g, gross is in there, but we added grosser, grossest))",,,purity,Dimension,impure,,
sinfully,"Moral foundations theory, Purity dimension (without words about literal cleanliness/dirtiness or sexuality (e.g., without celibacy, celibate, vigin, whore, slut, abstention, etc. and with a few other forms of words (e.g, gross is in there, but we added grosser, grossest))",,,purity,Dimension,impure,,
sinned,"Moral foundations theory, Purity dimension (without words about literal cleanliness/dirtiness or sexuality (e.g., without celibacy, celibate, vigin, whore, slut, abstention, etc. and with a few other forms of words (e.g, gross is in there, but we added grosser, grossest))",,,purity,Dimension,impure,,
sinner,"Moral foundations theory, Purity dimension (without words about literal cleanliness/dirtiness or sexuality (e.g., without celibacy, celibate, vigin, whore, slut, abstention, etc. and with a few other forms of words (e.g, gross is in there, but we added grosser, grossest))",,,purity,Dimension,impure,,
sinners,"Moral foundations theory, Purity dimension (without words about literal cleanliness/dirtiness or sexuality (e.g., without celibacy, celibate, vigin, whore, slut, abstention, etc. and with a few other forms of words (e.g, gross is in there, but we added grosser, grossest))",,,purity,Dimension,impure,,
sinning,"Moral foundations theory, Purity dimension (without words about literal cleanliness/dirtiness or sexuality (e.g., without celibacy, celibate, vigin, whore, slut, abstention, etc. and with a few other forms of words (e.g, gross is in there, but we added grosser, grossest))",,,purity,Dimension,impure,,
sins,"Moral foundations theory, Purity dimension (without words about literal cleanliness/dirtiness or sexuality (e.g., without celibacy, celibate, vigin, whore, slut, abstention, etc. and with a few other forms of words (e.g, gross is in there, but we added grosser, grossest))",,,purity,Dimension,impure,,
stain,"Moral foundations theory, Purity dimension (without words about literal cleanliness/dirtiness or sexuality (e.g., without celibacy, celibate, vigin, whore, slut, abstention, etc. and with a few other forms of words (e.g, gross is in there, but we added grosser, grossest))",,,purity,Dimension,impure,,
stained,"Moral foundations theory, Purity dimension (without words about literal cleanliness/dirtiness or sexuality (e.g., without celibacy, celibate, vigin, whore, slut, abstention, etc. and with a few other forms of words (e.g, gross is in there, but we added grosser, grossest))",,,purity,Dimension,impure, ,
staining,"Moral foundations theory, Purity dimension (without words about literal cleanliness/dirtiness or sexuality (e.g., without celibacy, celibate, vigin, whore, slut, abstention, etc. and with a few other forms of words (e.g, gross is in there, but we added grosser, grossest))",,,purity,Dimension,impure,,
stains,"Moral foundations theory, Purity dimension (without words about literal cleanliness/dirtiness or sexuality (e.g., without celibacy, celibate, vigin, whore, slut, abstention, etc. and with a few other forms of words (e.g, gross is in there, but we added grosser, grossest))",,,purity,Dimension,impure,,
taint,"Moral foundations theory, Purity dimension (without words about literal cleanliness/dirtiness or sexuality (e.g., without celibacy, celibate, vigin, whore, slut, abstention, etc. and with a few other forms of words (e.g, gross is in there, but we added grosser, grossest))",,,purity,Dimension,impure,,
tainted,"Moral foundations theory, Purity dimension (without words about literal cleanliness/dirtiness or sexuality (e.g., without celibacy, celibate, vigin, whore, slut, abstention, etc. and with a few other forms of words (e.g, gross is in there, but we added grosser, grossest))",,,purity,Dimension,impure,,
tainting,"Moral foundations theory, Purity dimension (without words about literal cleanliness/dirtiness or sexuality (e.g., without celibacy, celibate, vigin, whore, slut, abstention, etc. and with a few other forms of words (e.g, gross is in there, but we added grosser, grossest))",,,purity,Dimension,impure,,
tarnish,"Moral foundations theory, Purity dimension (without words about literal cleanliness/dirtiness or sexuality (e.g., without celibacy, celibate, vigin, whore, slut, abstention, etc. and with a few other forms of words (e.g, gross is in there, but we added grosser, grossest))",,,purity,Dimension,impure,,
tarnished,"Moral foundations theory, Purity dimension (without words about literal cleanliness/dirtiness or sexuality (e.g., without celibacy, celibate, vigin, whore, slut, abstention, etc. and with a few other forms of words (e.g, gross is in there, but we added grosser, grossest))",,,purity,Dimension,impure,,
tarnishes,"Moral foundations theory, Purity dimension (without words about literal cleanliness/dirtiness or sexuality (e.g., without celibacy, celibate, vigin, whore, slut, abstention, etc. and with a few other forms of words (e.g, gross is in there, but we added grosser, grossest))",,,purity,Dimension,impure,,
tarnishing,"Moral foundations theory, Purity dimension (without words about literal cleanliness/dirtiness or sexuality (e.g., without celibacy, celibate, vigin, whore, slut, abstention, etc. and with a few other forms of words (e.g, gross is in there, but we added grosser, grossest))",,,purity,Dimension,impure,,
trashy,"Moral foundations theory, Purity dimension (without words about literal cleanliness/dirtiness or sexuality (e.g., without celibacy, celibate, vigin, whore, slut, abstention, etc. and with a few other forms of words (e.g, gross is in there, but we added grosser, grossest))",,,purity,Dimension,impure,,
wicked,"Moral foundations theory, Purity dimension (without words about literal cleanliness/dirtiness or sexuality (e.g., without celibacy, celibate, vigin, whore, slut, abstention, etc. and with a few other forms of words (e.g, gross is in there, but we added grosser, grossest))",,,purity,Dimension,impure,,
wickedest,"Moral foundations theory, Purity dimension (without words about literal cleanliness/dirtiness or sexuality (e.g., without celibacy, celibate, vigin, whore, slut, abstention, etc. and with a few other forms of words (e.g, gross is in there, but we added grosser, grossest))",,,purity,Dimension,impure,,
blameless,reversedictionary.org,,,guilt,Dimension,innocent,remove? Diff 1980 menaings,remove
blamelessly,,,,guilt,Dimension,innocent,remove? Diff 1980 menaings,remove
defenseless,,,,guilt,Dimension,innocent,,
faultless,reversedictionary.org,,,guilt,Dimension,innocent,,
faultlessy,,,,guilt,Dimension,innocent,,
guiltless,reversedictionary.org,,,guilt,Dimension,innocent,,
infallible,,,,guilt,Dimension,innocent,remove? Diff 1980 menaings,remove
innocence,reversedictionary.org,,,guilt,Dimension,innocent,,
innocent,reversedictionary.org,,,guilt,Dimension,innocent,,
innocently,reversedictionary.org,,,guilt,Dimension,innocent,,
innocents,,,,guilt,Dimension,innocent,,
victim,reversedictionary.org,,,guilt,Dimension,innocent,,
victims,reversedictionary.org,,,guilt,Dimension,innocent,,
decent,"Moral foundations theory (with a few words droppoed, like ""wretched"" and a few words added (.e,g, has offend and offending but didn't have offends and offended which we added)",,,morality_general,Dimension,moral,didn't add decently - polysemous (decent already in MFD lexicon), 
doctrine,"Moral foundations theory (with a few words droppoed, like ""wretched"" and a few words added (.e,g, has offend and offending but didn't have offends and offended which we added)",,,morality_general,Dimension,moral,,
ethically,"Moral foundations theory (with a few words droppoed, like ""wretched"" and a few words added (.e,g, has offend and offending but didn't have offends and offended which we added)",,,morality_general,Dimension,moral,,
ethics,"Moral foundations theory (with a few words droppoed, like ""wretched"" and a few words added (.e,g, has offend and offending but didn't have offends and offended which we added)",,,morality_general,Dimension,moral,,
exemplary,"Moral foundations theory (with a few words droppoed, like ""wretched"" and a few words added (.e,g, has offend and offending but didn't have offends and offended which we added)",,,morality_general,Dimension,moral,,
good,"Moral foundations theory (with a few words droppoed, like ""wretched"" and a few words added (.e,g, has offend and offending but didn't have offends and offended which we added)",,,morality_general,Dimension,moral,,
goodness,"Moral foundations theory (with a few words droppoed, like ""wretched"" and a few words added (.e,g, has offend and offending but didn't have offends and offended which we added)",,,morality_general,Dimension,moral,,
honest,"Moral foundations theory (with a few words droppoed, like ""wretched"" and a few words added (.e,g, has offend and offending but didn't have offends and offended which we added)",,,morality_general,Dimension,moral,,
honestly,"Moral foundations theory (with a few words droppoed, like ""wretched"" and a few words added (.e,g, has offend and offending but didn't have offends and offended which we added)",,,morality_general,Dimension,moral,,
honesty,"Moral foundations theory (with a few words droppoed, like ""wretched"" and a few words added (.e,g, has offend and offending but didn't have offends and offended which we added)",,,morality_general,Dimension,moral,,
idealist,"Moral foundations theory (with a few words droppoed, like ""wretched"" and a few words added (.e,g, has offend and offending but didn't have offends and offended which we added)",,,morality_general,Dimension,moral,,
idealistic,"Moral foundations theory (with a few words droppoed, like ""wretched"" and a few words added (.e,g, has offend and offending but didn't have offends and offended which we added)",,,morality_general,Dimension,moral,,
idealistically,"Moral foundations theory (with a few words droppoed, like ""wretched"" and a few words added (.e,g, has offend and offending but didn't have offends and offended which we added)",,,morality_general,Dimension,moral,,
integrity,"Moral foundations theory (with a few words droppoed, like ""wretched"" and a few words added (.e,g, has offend and offending but didn't have offends and offended which we added)",,,morality_general,Dimension,moral,,
laudable,"Moral foundations theory (with a few words droppoed, like ""wretched"" and a few words added (.e,g, has offend and offending but didn't have offends and offended which we added)",,,morality_general,Dimension,moral,,
lawful,"Moral foundations theory (with a few words droppoed, like ""wretched"" and a few words added (.e,g, has offend and offending but didn't have offends and offended which we added)",,,morality_general,Dimension,moral,,
lawfully,"Moral foundations theory (with a few words droppoed, like ""wretched"" and a few words added (.e,g, has offend and offending but didn't have offends and offended which we added)",,,morality_general,Dimension,moral,,
legal,"Moral foundations theory (with a few words droppoed, like ""wretched"" and a few words added (.e,g, has offend and offending but didn't have offends and offended which we added)",,,morality_general,Dimension,moral,,
legally,"Moral foundations theory (with a few words droppoed, like ""wretched"" and a few words added (.e,g, has offend and offending but didn't have offends and offended which we added)",,,morality_general,Dimension,moral,,
moral,"Moral foundations theory (with a few words droppoed, like ""wretched"" and a few words added (.e,g, has offend and offending but didn't have offends and offended which we added)",,,morality_general,Dimension,moral,,
morality,"Moral foundations theory (with a few words droppoed, like ""wretched"" and a few words added (.e,g, has offend and offending but didn't have offends and offended which we added)",,,morality_general,Dimension,moral,,
morally,"Moral foundations theory (with a few words droppoed, like ""wretched"" and a few words added (.e,g, has offend and offending but didn't have offends and offended which we added)",,,morality_general,Dimension,moral,,
morals,"Moral foundations theory (with a few words droppoed, like ""wretched"" and a few words added (.e,g, has offend and offending but didn't have offends and offended which we added)",,,morality_general,Dimension,moral,,
noble,"Moral foundations theory (with a few words droppoed, like ""wretched"" and a few words added (.e,g, has offend and offending but didn't have offends and offended which we added)",,,morality_general,Dimension,moral,,
nobly,"Moral foundations theory (with a few words droppoed, like ""wretched"" and a few words added (.e,g, has offend and offending but didn't have offends and offended which we added)",,,morality_general,Dimension,moral,,
piety,"Moral foundations theory (with a few words droppoed, like ""wretched"" and a few words added (.e,g, has offend and offending but didn't have offends and offended which we added)",,,morality_general,Dimension,moral,,
pious,"Moral foundations theory (with a few words droppoed, like ""wretched"" and a few words added (.e,g, has offend and offending but didn't have offends and offended which we added)",,,morality_general,Dimension,moral,,
piously,"Moral foundations theory (with a few words droppoed, like ""wretched"" and a few words added (.e,g, has offend and offending but didn't have offends and offended which we added)",,,morality_general,Dimension,moral,,
praiseworthy,"Moral foundations theory (with a few words droppoed, like ""wretched"" and a few words added (.e,g, has offend and offending but didn't have offends and offended which we added)",,,morality_general,Dimension,moral,,
principled,"Moral foundations theory (with a few words droppoed, like ""wretched"" and a few words added (.e,g, has offend and offending but didn't have offends and offended which we added)",,,morality_general,Dimension,moral,,
principles,"Moral foundations theory (with a few words droppoed, like ""wretched"" and a few words added (.e,g, has offend and offending but didn't have offends and offended which we added)",,,morality_general,Dimension,moral,,
proper,"Moral foundations theory (with a few words droppoed, like ""wretched"" and a few words added (.e,g, has offend and offending but didn't have offends and offended which we added)",,,morality_general,Dimension,moral,,
righteous,"Moral foundations theory (with a few words droppoed, like ""wretched"" and a few words added (.e,g, has offend and offending but didn't have offends and offended which we added)",,,morality_general,Dimension,moral,,
righteousness,"Moral foundations theory (with a few words droppoed, like ""wretched"" and a few words added (.e,g, has offend and offending but didn't have offends and offended which we added)",,,morality_general,Dimension,moral,,
upright,"Moral foundations theory (with a few words droppoed, like ""wretched"" and a few words added (.e,g, has offend and offending but didn't have offends and offended which we added)",,,morality_general,Dimension,moral,,
upstanding,"Moral foundations theory (with a few words droppoed, like ""wretched"" and a few words added (.e,g, has offend and offending but didn't have offends and offended which we added)",,,morality_general,Dimension,moral,,
value,"Moral foundations theory (with a few words droppoed, like ""wretched"" and a few words added (.e,g, has offend and offending but didn't have offends and offended which we added)",,,morality_general,Dimension,moral,,
values,"Moral foundations theory (with a few words droppoed, like ""wretched"" and a few words added (.e,g, has offend and offending but didn't have offends and offended which we added)",,,morality_general,Dimension,moral,,
wholesome,"Moral foundations theory (with a few words droppoed, like ""wretched"" and a few words added (.e,g, has offend and offending but didn't have offends and offended which we added)",,,morality_general,Dimension,moral,,
worthy,"Moral foundations theory (with a few words droppoed, like ""wretched"" and a few words added (.e,g, has offend and offending but didn't have offends and offended which we added)",,,morality_general,Dimension,moral,,
austerity,"Moral foundations theory, Purity dimension (without words about literal cleanliness/dirtiness or sexuality (e.g., without celibacy, celibate, vigin, whore, slut, abstention, etc. and with a few other forms of words (e.g, gross is in there, but we added grosser, grossest))",,,purity,Dimension,pure,,
church,"Moral foundations theory, Purity dimension (without words about literal cleanliness/dirtiness or sexuality (e.g., without celibacy, celibate, vigin, whore, slut, abstention, etc. and with a few other forms of words (e.g, gross is in there, but we added grosser, grossest))",,,purity,Dimension,pure,,
churches,"Moral foundations theory, Purity dimension (without words about literal cleanliness/dirtiness or sexuality (e.g., without celibacy, celibate, vigin, whore, slut, abstention, etc. and with a few other forms of words (e.g, gross is in there, but we added grosser, grossest))",,,purity,Dimension,pure,,
decency,"Moral foundations theory, Purity dimension (without words about literal cleanliness/dirtiness or sexuality (e.g., without celibacy, celibate, vigin, whore, slut, abstention, etc. and with a few other forms of words (e.g, gross is in there, but we added grosser, grossest))",,,purity,Dimension,pure,,
decent,"Moral foundations theory, Purity dimension (without words about literal cleanliness/dirtiness or sexuality (e.g., without celibacy, celibate, vigin, whore, slut, abstention, etc. and with a few other forms of words (e.g, gross is in there, but we added grosser, grossest))",,,purity,Dimension,pure,"decent already in moral foundations lexicon but didn't add decently since polysemous (i.e., decently clean)", 
holiness,"Moral foundations theory, Purity dimension (without words about literal cleanliness/dirtiness or sexuality (e.g., without celibacy, celibate, vigin, whore, slut, abstention, etc. and with a few other forms of words (e.g, gross is in there, but we added grosser, grossest))",,,purity,Dimension,pure,,
holy,"Moral foundations theory, Purity dimension (without words about literal cleanliness/dirtiness or sexuality (e.g., without celibacy, celibate, vigin, whore, slut, abstention, etc. and with a few other forms of words (e.g, gross is in there, but we added grosser, grossest))",,,purity,Dimension,pure,,
immaculate,"Moral foundations theory, Purity dimension (without words about literal cleanliness/dirtiness or sexuality (e.g., without celibacy, celibate, vigin, whore, slut, abstention, etc. and with a few other forms of words (e.g, gross is in there, but we added grosser, grossest))",,,purity,Dimension,pure,,
immaculately,"Moral foundations theory, Purity dimension (without words about literal cleanliness/dirtiness or sexuality (e.g., without celibacy, celibate, vigin, whore, slut, abstention, etc. and with a few other forms of words (e.g, gross is in there, but we added grosser, grossest))",,,purity,Dimension,pure,,
innocent,"Moral foundations theory, Purity dimension (without words about literal cleanliness/dirtiness or sexuality (e.g., without celibacy, celibate, vigin, whore, slut, abstention, etc. and with a few other forms of words (e.g, gross is in there, but we added grosser, grossest))",,,purity,Dimension,pure,,
innocently,"Moral foundations theory, Purity dimension (without words about literal cleanliness/dirtiness or sexuality (e.g., without celibacy, celibate, vigin, whore, slut, abstention, etc. and with a few other forms of words (e.g, gross is in there, but we added grosser, grossest))",,,purity,Dimension,pure,,
maiden,"Moral foundations theory, Purity dimension (without words about literal cleanliness/dirtiness or sexuality (e.g., without celibacy, celibate, vigin, whore, slut, abstention, etc. and with a few other forms of words (e.g, gross is in there, but we added grosser, grossest))",,,purity,Dimension,pure,,
maidens,"Moral foundations theory, Purity dimension (without words about literal cleanliness/dirtiness or sexuality (e.g., without celibacy, celibate, vigin, whore, slut, abstention, etc. and with a few other forms of words (e.g, gross is in there, but we added grosser, grossest))",,,purity,Dimension,pure,,
piety,"Moral foundations theory, Purity dimension (without words about literal cleanliness/dirtiness or sexuality (e.g., without celibacy, celibate, vigin, whore, slut, abstention, etc. and with a few other forms of words (e.g, gross is in there, but we added grosser, grossest))",,,purity,Dimension,pure,,
pious,"Moral foundations theory, Purity dimension (without words about literal cleanliness/dirtiness or sexuality (e.g., without celibacy, celibate, vigin, whore, slut, abstention, etc. and with a few other forms of words (e.g, gross is in there, but we added grosser, grossest))",,,purity,Dimension,pure,,
piously,"Moral foundations theory, Purity dimension (without words about literal cleanliness/dirtiness or sexuality (e.g., without celibacy, celibate, vigin, whore, slut, abstention, etc. and with a few other forms of words (e.g, gross is in there, but we added grosser, grossest))",,,purity,Dimension,pure,,
preserve,"Moral foundations theory, Purity dimension (without words about literal cleanliness/dirtiness or sexuality (e.g., without celibacy, celibate, vigin, whore, slut, abstention, etc. and with a few other forms of words (e.g, gross is in there, but we added grosser, grossest))",,,purity,Dimension,pure,,
preserving,"Moral foundations theory, Purity dimension (without words about literal cleanliness/dirtiness or sexuality (e.g., without celibacy, celibate, vigin, whore, slut, abstention, etc. and with a few other forms of words (e.g, gross is in there, but we added grosser, grossest))",,,purity,Dimension,pure,,
pristine,"Moral foundations theory, Purity dimension (without words about literal cleanliness/dirtiness or sexuality (e.g., without celibacy, celibate, vigin, whore, slut, abstention, etc. and with a few other forms of words (e.g, gross is in there, but we added grosser, grossest))",,,purity,Dimension,pure,,
pure,"Moral foundations theory, Purity dimension (without words about literal cleanliness/dirtiness or sexuality (e.g., without celibacy, celibate, vigin, whore, slut, abstention, etc. and with a few other forms of words (e.g, gross is in there, but we added grosser, grossest))",,,purity,Dimension,pure,,
purely,"Moral foundations theory, Purity dimension (without words about literal cleanliness/dirtiness or sexuality (e.g., without celibacy, celibate, vigin, whore, slut, abstention, etc. and with a few other forms of words (e.g, gross is in there, but we added grosser, grossest))",,,purity,Dimension,pure,,
purest,"Moral foundations theory, Purity dimension (without words about literal cleanliness/dirtiness or sexuality (e.g., without celibacy, celibate, vigin, whore, slut, abstention, etc. and with a few other forms of words (e.g, gross is in there, but we added grosser, grossest))",,,purity,Dimension,pure,,
purity,"Moral foundations theory, Purity dimension (without words about literal cleanliness/dirtiness or sexuality (e.g., without celibacy, celibate, vigin, whore, slut, abstention, etc. and with a few other forms of words (e.g, gross is in there, but we added grosser, grossest))",,,purity,Dimension,pure,,
refined,"Moral foundations theory, Purity dimension (without words about literal cleanliness/dirtiness or sexuality (e.g., without celibacy, celibate, vigin, whore, slut, abstention, etc. and with a few other forms of words (e.g, gross is in there, but we added grosser, grossest))",,,purity,Dimension,pure,,
sacred,"Moral foundations theory, Purity dimension (without words about literal cleanliness/dirtiness or sexuality (e.g., without celibacy, celibate, vigin, whore, slut, abstention, etc. and with a few other forms of words (e.g, gross is in there, but we added grosser, grossest))",,,purity,Dimension,pure,,
saint,"Moral foundations theory, Purity dimension (without words about literal cleanliness/dirtiness or sexuality (e.g., without celibacy, celibate, vigin, whore, slut, abstention, etc. and with a few other forms of words (e.g, gross is in there, but we added grosser, grossest))",,,purity,Dimension,pure,,
saintly,"Moral foundations theory, Purity dimension (without words about literal cleanliness/dirtiness or sexuality (e.g., without celibacy, celibate, vigin, whore, slut, abstention, etc. and with a few other forms of words (e.g, gross is in there, but we added grosser, grossest))",,,purity,Dimension,pure,,
virtuous,"Moral foundations theory, Purity dimension (without words about literal cleanliness/dirtiness or sexuality (e.g., without celibacy, celibate, vigin, whore, slut, abstention, etc. and with a few other forms of words (e.g, gross is in there, but we added grosser, grossest))",,,purity,Dimension,pure,,
wholesome,"Moral foundations theory, Purity dimension (without words about literal cleanliness/dirtiness or sexuality (e.g., without celibacy, celibate, vigin, whore, slut, abstention, etc. and with a few other forms of words (e.g, gross is in there, but we added grosser, grossest))",,,purity,Dimension,pure,,
assurance,,,,danger_safety,Dimensions,safe,,
assure,,,,danger_safety,Dimensions,safe,,
assured,,,,danger_safety,Dimensions,safe,,
assuring,,,,danger_safety,Dimensions,safe,,
comfort,,,,danger_safety,Dimensions,safe,,
comforted,,,,danger_safety,Dimensions,safe,,
comforting,,,,danger_safety,Dimensions,safe,,
innocuous,,,,danger_safety,Dimensions,safe,,
protect,,,,danger_safety,Dimensions,safe,,
protected,,,,danger_safety,Dimensions,safe,,
protecting,,,,danger_safety,Dimensions,safe,,
protector,,,,danger_safety,Dimensions,safe,,
protectors,,,,danger_safety,Dimensions,safe,,
protects,,,,danger_safety,Dimensions,safe,,
reassurance,,,,danger_safety,Dimensions,safe,,
reassure,,,,danger_safety,Dimensions,safe,,
reassured,,,,danger_safety,Dimensions,safe,,
reassuring,,,,danger_safety,Dimensions,safe,,
refuge,,,,danger_safety,Dimensions,safe,,
safe,,,,danger_safety,Dimensions,safe,,
safe_and_sound,,,,danger_safety,Dimensions,safe,,
safe_house,,,,danger_safety,Dimensions,safe,,
safeguard,,,,danger_safety,Dimensions,safe,,
safeguarded,,,,danger_safety,Dimensions,safe,,
safeguarding,,,,danger_safety,Dimensions,safe,,
safeguards,,,,danger_safety,Dimensions,safe,,
safehouse,,,,danger_safety,Dimensions,safe,,
safely,,,,danger_safety,Dimensions,safe,,
safeness,,,,danger_safety,Dimensions,safe,,
safer,,,,danger_safety,Dimensions,safe,,
safest,,,,danger_safety,Dimensions,safe,,
safety,,,,danger_safety,Dimensions,safe,,
sanctuary,,,,danger_safety,Dimensions,safe,,
secure,,,,danger_safety,Dimensions,safe,,
shelter,,,,danger_safety,Dimensions,safe,,
sheltered,,,,danger_safety,Dimensions,safe,,
sheltering,,,,danger_safety,Dimensions,safe,,
shelters,,,,danger_safety,Dimensions,safe,,
shield,,,,danger_safety,Dimensions,safe,,
shielded,,,,danger_safety,Dimensions,safe,,
shielding,,,,danger_safety,Dimensions,safe,,
shields,,,,danger_safety,Dimensions,safe,,
soothe,,,,danger_safety,Dimensions,safe,,
soothed,,,,danger_safety,Dimensions,safe,,
soothes,,,,danger_safety,Dimensions,safe,,
soothing,,,,danger_safety,Dimensions,safe,,
unharmed,,,,danger_safety,Dimensions,safe,,
unthreatening,,,,danger_safety,Dimensions,safe,,
adversity,,,,pity,Cluster,,I wonder if this may be more than one cluster - suffering and effort seem separate to me,
afflicted,,,,pity,Cluster,,,
afflicted_with,,,,pity,Cluster,,,
agony,,,,pity,Cluster,,,
effort,,,,pity,Cluster,,,
hardship,,,,pity,Cluster,,,
in_vain,,,,pity,Cluster,,,
struggle,,,,pity,Cluster,,,
struggled,,,,pity,Cluster,,,
struggles,,,,pity,Cluster,,,
struggles_with,,,,pity,Cluster,,,
struggling,,,,pity,Cluster,,,
struggling_with,,,,pity,Cluster,,,
suffered,,,,pity,Cluster,,,
suffered_from,,,,pity,Cluster,,,
suffering,,,,pity,Cluster,,,
suffering_from,,,,pity,Cluster,,,
suffers,,,,pity,Cluster,,,
suffers_from,,,,pity,Cluster,,,
trying,,,,pity,Cluster,,,
weight_loss,,,,health_behaviors,,bodyweight,,
high_fiber,,,,health_behaviors,,diet,,
dietary,,,,health_behaviors,,diet,,
low_cholesterol,,,,health_behaviors,,diet,,
jogging,,,,health_behaviors,,exercise,,
physical_fitness,,,,health_behaviors,,exercise,,
aerobic,,,,health_behaviors,,exercise,,
aerobics,,,,health_behaviors,,exercise,,
fitness,,,,health_behaviors,,exercise,"don't include ""fit"" - polysemous",
nutritional,,,,health_behaviors,,diet,,
nutritionally,,,,health_behaviors,,diet,,
caffeine,,,,health_behaviors,,misc_health,??,
diet,,,,health_behaviors,,diet,,
diets,,,,health_behaviors,,diet,,
dieting,,,,health_behaviors,,diet,,
calorie,,,,health_behaviors,,diet,,
calories,,,,health_behaviors,,diet,,
caloric,,,,health_behaviors,,diet,,
sugars,,,,health_behaviors,,diet,,
sugar,,,,health_behaviors,,diet,,
sugary,,,,health_behaviors,,diet,,
high_fat,,,,health_behaviors,,diet,,
low_fat,,,,health_behaviors,,diet,,
nutritious,,,,health_behaviors,,diet,,
fatty,,,,health_behaviors,,diet,,
fattening,,,,health_behaviors,,diet,,
saturated,,,,health_behaviors,,diet,,
saturated_fats,,,,health_behaviors,,diet,,
saturated_fat,,,,health_behaviors,,diet,,
junk_food,,,,health_behaviors,,diet,,
soft_drinks,,,,health_behaviors,,diet,,
life_styles,,,,health_behaviors,,general_health,,
life_style,,,,health_behaviors,,general_health,,
lifestyles,,,,health_behaviors,,general_health,,
eating_habits,,,,health_behaviors,,diet,,
appetites,,,,health_behaviors,,diet,,
workouts,,,,health_behaviors,,exercise,,
nonsmoking,,,,health_behaviors,,smoking,,
nonsmokers,,,,health_behaviors,,smoking,,
nonsmoker,,,,health_behaviors,,smoking,,
smoking,,,,health_behaviors,,smoking,,
smoker,,,,health_behaviors,,smoking,,
smokers,,,,health_behaviors,,smoking,,
sexually_active,,,,health_behaviors,,sex,????,
otherwise_healthy,,,,health_behaviors,,general_health,???,
plant_based_diet,,,,health_behaviors,,diet,,
cardio,,,,health_behaviors,,exercise,,
exercise_routine,,,,health_behaviors,,exercise,,
regimen,,,,health_behaviors,,general_health,"seems to also be used in context of chemo regimens, not just diet/health/exercise",remove
regimens,,,,health_behaviors,,general_health,"seems to also be used in context of chemo regimens, not just diet/health/exercise",remove
healthy_diet,,,,health_behaviors,,diet,,
healthy_lifestyle,,,,health_behaviors,,general_health,,
heart_healthy,,,,health_behaviors,,diet,,
self_management,,,,health_behaviors,,general_health,,
self_help,,,,health_behaviors,,general_health,,
lifestyle_changes,,,,health_behaviors,,general_health,,
lose_weight,,,,health_behaviors,,bodyweight,,
losing_weight,,,,health_behaviors,,bodyweight,,
overeating,,,,health_behaviors,,diet,,
gain_weight,,,,health_behaviors,,bodyweight,,
quit_smoking,,,,health_behaviors,,smoking,,
physical_activity,,,,health_behaviors,,exercise,,
hydrate,,,,health_behaviors,,misc_health,,
muscle_mass,,,,health_behaviors,,bodyweight,,
reduce_stress,,,,health_behaviors,,stress,,
nutrition,,,,health_behaviors,,diet,,
mindfulness,,,,health_behaviors,,stress,,
self_care,,,,health_behaviors,,general_health,,
healthy_living,,,,health_behaviors,,general_health,,
self_improvement,,,,health_behaviors,,general_health,,
work_life_balance,,,,health_behaviors,,general_health,,
body_weight,,,,health_behaviors,,bodyweight,,
low_carbohydrate,,,,health_behaviors,,diet,,
low_carb,,,,health_behaviors,,diet,,
meditation,,,,health_behaviors,,stress,,
yoga,,,,health_behaviors,,stress,,
smoking_cessation,,,,health_behaviors,,smoking,,
dehydrated,,,,health_behaviors,,misc_health,,
sedentary,,,,health_behaviors,,exercise,,
relaxation,,,,health_behaviors,,stress,,
mindset,,,,health_behaviors,,stress,,
healthy_lifestyles,,,,health_behaviors,,general_health,,
health_conscious,,,,health_behaviors,,general_health,,
balanced_diet,,,,health_behaviors,,diet,,
daily_routine,,,,health_behaviors,,general_health,,
regular_exercise,,,,health_behaviors,,exercise,,
sleep_patterns,,,,health_behaviors,,misc_health,,
bad_habits,,,,health_behaviors,,general_health,,
lifestyle_choices,,,,health_behaviors,,general_health,,
alcoholism,,,,health_behaviors,,alcohol,,
drinking_alcohol,,,,health_behaviors,,alcohol,,
binge_drinking,,,,health_behaviors,,alcohol,,
heavy_drinking,,,,health_behaviors,,alcohol,,
excessive_drinking,,,,health_behaviors,,alcohol,,
smoking_cigarettes,,,,health_behaviors,,smoking,,
tobacco_use,,,,health_behaviors,,smoking,,
healthy_weight,,,,health_behaviors,,bodyweight,,
risky_behavior,,,,health_behaviors,,misc_health,,
premarital_sex,,,,health_behaviors,,sex,,
promiscuity,,,,health_behaviors,,sex,,
sexual_behavior,,,,health_behaviors,,sex,,
sexual_activity,,,,health_behaviors,,sex,,
cigarette_smoking,,,,health_behaviors,,smoking,,
weight_management,,,,health_behaviors,,bodyweight,,
stress_management,,,,health_behaviors,,stress,,
weightlifting,,,,health_behaviors,,exercise,,
weight_lifting,,,,health_behaviors,,exercise,,
behavior_modification,,,,health_behaviors,,general_health,,
proper_nutrition,,,,health_behaviors,,diet,,
stress_reduction,,,,health_behaviors,,stress,,
healthy_foods,,,,health_behaviors,,diet,,
addict,,,,health_behaviors,,drugs,,
drug_use,,,,health_behaviors,,drugs,,
drug_addict,,,,health_behaviors,,drugs,,
illicit_drugs,,,,health_behaviors,,drugs,,
using_drugs,,,,health_behaviors,,drugs,,
drug_users,,,,health_behaviors,,drugs,,
drug_addicted,,,,health_behaviors,,drugs,,
unmarried,w2v 1980-1982 model,,,Misc,,Negative,"not yet used but interesting words I've seen in models, or similar to them",
married,w2v 1980-1982 model,,,Misc,,Positive,"not yet used but interesting words I've seen in models, or similar to them",
divorced,w2v 1980-1982 model,,,Misc,,Negative,"not yet used but interesting words I've seen in models, or similar to them",
unwed,w2v 1980-1982 model,,,Misc,,Negative,"not yet used but interesting words I've seen in models, or similar to them",
childless,w2v 1980-1982 model,,,Misc,,Negative,"not yet used but interesting words I've seen in models, or similar to them",
infertile,w2v 1980-1982 model,,,Misc,,Negative,"not yet used but interesting words I've seen in models, or similar to them",
parent,,,,Misc,,,,
mother,,,,Misc,,,,
father,,,,Misc,,,,
husband,,,,Misc,,,,
wife,,,,Misc,,,,
spouse,,,,Misc,,,,
immature,w2v 1980-1982 model,,,Misc,,Negative,Put with personality traits?,
mature,w2v 1980-1982 model,,,Misc,,Positive,Put with personality traits?,
abnormal,w2v 1980-1982 model,,,Misc,,Negative,Maybe put in a different category from social categories?,
abnormally,w2v 1980-1982 model,,,Misc,,Negative,Maybe put in a different category from social categories?,
unemployed,,,,,,Negative,removed from personality traits so adding here,
employed,,,,,,Positive,,
citizen,,,,,,Positive,,
voter,,,,,,Positive,,
taxpayer,,,,,,Positive,,
wealthy,,,,,,Positive,,
rich,,,,,,Positive,,
poor,,,,,,Negative,,
graduate,,,,,,Positive,,
educated,,,,,,Positive,,
uneducated,,,,,,Negative,,
student,,,,,,,,
young,,,,,,,,
elderly,,,,,,,,
physician,,,,medicalization,cluster,,,
physicians,,,,medicalization,cluster,,,
prescription,,,,medicalization,cluster,,,
prescriptions,,,,medicalization,cluster,,,
hospital,,,,medicalization,cluster,,,
hospitals,,,,medicalization,cluster,,,
doctor,,,,medicalization,cluster,,,
doctors,,,,medicalization,cluster,,,
medical,,,,medicalization,cluster,,,
medicate,,,,medicalization,cluster,,,
medicine,,,,medicalization,cluster,,,
medication,,,,medicalization,cluster,,,
medications,,,,medicalization,cluster,,,
pharmaceutical,,,,medicalization,cluster,,,
pharmaceuticals,,,,medicalization,cluster,,,
pharmacology,,,,medicalization,cluster,,,
